d_type,species,municipality,date,rot,lat,long,mean_temp_3m,mean_temp_1y,mean_temp_5y,min_temp,max_temp,humidity,soil_humidity,climate_risk_factor
Snø,dun-/vanlig bjørk,Sør-Fron,20.08.2013,No,61.568889,9.923333,0.0132199670872179,0.0132199670872179,0.0132199670872179,-2.068169959001118,3.434588147595979,81.09375,,
Storm,"gran, gråor",Gausdal,03.06.2020,No,61.276667,9.9225,4.854270923209658,4.854270923209658,4.854270923209658,,,,,
Honningsopper,sitkagran,Eigersund,16.06.1995,Yes,58.478333,6.063056,,,,,,,,
Snø,dun-/vanlig bjørk,Ål,02.06.2016,No,60.675556,8.576944,1.6799031476997577,1.6799031476997577,1.6799031476997577,,,,,
Honningsopper,gråor,Rauma,08.09.2020,Yes,62.504719,7.781939,,,,,,,,
"Annet / diverse, Honningsopper",ask,Asker,07.01.1976,Yes,59.7,10.5,,,,,,,,
Kjukeordenen,bøk,Hyllestad,03.02.1997,No,61.170833,5.293056,7.212619947659203,7.212619947659203,7.212619947659203,,10.721197411003228,83.12135922330097,,
Heggspinnmøll,hegg,Horten,10.06.2024,No,59.420831,10.432781,7.26796675191816,7.26796675191816,7.26796675191816,,,,,
Tyritoppsopp,berg-/buskfuru,Lillestrøm,19.06.1991,Yes,59.954,11.04,,,,,,,,
Honningsopper,ask,Horten,13.07.2023,Yes,59.420831,10.432781,7.319836272040305,7.319836272040305,7.319836272040305,,,,,
Toppråtesopp,furu,Midt-Telemark,15.10.1992,Yes,59.45,9.1,,,,,,,,
"Dobbeltøyet barkbille, Granbarkbille, Honningsopper, Liten granbarkbille, Tørke",gran,Ås,23.07.2007,Yes,59.660278,10.783611,,,,,,,,
Storm,gran,Søndre Land,14.09.2023,No,60.676944,10.278889,3.221015873015876,3.221015873015876,3.221015873015876,,,,,
Heggspinnmøll,hegg,Bærum,30.05.2024,No,59.8904,10.526,7.588712328767132,7.588712328767132,7.588712328767132,3.987205479452048,11.519041095890378,74.26794520547945,,
Tørke,gran,Snåase - Snåsa,25.06.2013,No,64.24606,12.38298,3.38116527256995,3.38116527256995,3.38116527256995,-0.8489916379734394,7.402459419576972,79.62575342465753,,
Almesjukesopp,alm,Bærum,02.09.1993,No,59.8904,10.526,6.890602739726034,6.890602739726034,6.890602739726034,3.5596164383561746,10.926575342465789,70.65424657534247,,
"Skader i planteskoler, Skader på rot eller stubbe, rotavdøing",berg-/buskfuru,Asker,31.08.1989,Yes,59.7,10.5,,,,-8.75,32.8,,,
"Skader i ved (misfarging, råte)",gran,Gran,31.07.1986,Yes,60.441111,10.495556,,,,,,,,
Storm,gran,Holmestrand,20.09.2022,No,59.495281,10.248611,7.3019267822736,7.3019267822736,7.3019267822736,2.7520445062586933,11.940862308762185,74.11276948590381,,
Storm,dun-/vanlig bjørk,Brønnøy,24.07.2023,No,65.475833,12.400278,7.022767123287663,7.022767123287663,7.022767123287663,4.306349642660794,9.894557449147866,75.74246575342465,,
Jordras,hengebjørk,Drammen,04.07.2022,No,59.745361,10.205969,7.251995595926228,7.251995595926228,7.251995595926228,2.739221140472888,11.864311543810864,74.3731343283582,,
Tyritoppsopp,furu,Kragerø,09.06.1993,Yes,58.886944,9.346944,,,,,,,,
Snø,dun-/vanlig bjørk,Voss,06.08.2020,No,60.7025,6.423056,2.164187866927593,2.164187866927593,2.164187866927593,,,,,
"Skader i planteskoler, Skader på rot eller stubbe, rotavdøing",lawsonsypress,Kristiansand,14.08.1985,Yes,58.146722,7.995611,,,,,,,,
Honningsopper,gran,Bærum,09.05.1979,Yes,59.8904,10.526,5.83112328767124,5.83112328767124,5.83112328767124,2.4575342465753334,9.726684931506838,72.38082191780822,,
Honningsopper,"tuja, ukjent art",Fredrikstad,20.08.2008,Yes,59.216667,10.95,,,,,,,,
Snø,"furu, osp",Birkenes,12.07.2018,No,58.449444,8.233333,6.399150452178692,6.399150452178692,6.399150452178692,1.858807364660611,11.218191810937071,81.47835616438356,,
Bjørkerust,dun-/vanlig bjørk,Arendal,15.08.2013,No,58.466667,8.766667,7.67651411345575,7.67651411345575,7.67651411345575,5.850741839762613,10.295140949554888,79.71506849315068,,
Storm,dun-/vanlig bjørk,Snåase - Snåsa,12.08.2019,No,64.24606,12.38298,4.476767123287681,4.476767123287681,4.476767123287681,0.1511294765840236,8.5954820936639,77.11506849315069,,
Vanlig granbarrust,gran,Lillehammer,29.09.2022,No,61.11464,10.46743,5.162253289473689,5.162253289473689,5.162253289473689,1.3352472527472536,9.460439560439566,74.05595172792101,,
Hjortedyr,rogn,Hamarøy,02.08.2023,No,68.066667,15.766667,5.326367006487494,5.326367006487494,5.326367006487494,2.451551644279762,8.066929133858272,75.15940685820203,,
Tørke,furu,Stjørdal,11.07.2018,No,63.475,11.170833,2.9993894993894994,2.9993894993894994,2.9993894993894994,,,,,
"Skader i planteskoler, Skader på rot eller stubbe, rotavdøing",gran,Overhalla,13.11.1978,Yes,64.507778,11.893889,,,,,,,,
"Dobbeltøyet barkbille, Honningsopper, Tørke",gran,Nesodden,10.03.1993,Yes,59.808611,10.655556,6.933589041095894,6.933589041095894,6.933589041095894,3.6460821917808297,10.935945205479474,70.32602739726028,,
Honningsopper,ukjent,Indre Østfold,08.11.2013,Yes,59.582222,11.170278,,,,,,,,
"Snø, Toppråtesopp",gran,Elverum,03.05.1988,Yes,60.883333,11.566667,,,,,,,,
"Fjellbjørkmåler, Målere",fjellbjørk,Nordre Land,14.06.2008,No,60.834722,10.075278,3.209479452054788,3.209479452054788,3.209479452054788,-0.8976986301369861,8.098026315789474,78.25123422929238,,
Snø,furu,Nesbyen,07.07.2022,No,60.558333,9.101111,4.753589041095876,4.753589041095876,4.753589041095876,-0.3092602739726025,10.21821917808223,73.21917808219177,,
"Abiotiske skader, Skader i planteskoler, Skader på rot eller stubbe, rotavdøing",gran,Midt-Telemark,11.10.1988,Yes,59.45,9.1,,,,,,,,
"Skader i planteskoler, Skader på rot eller stubbe, rotavdøing",furu,Sør-Aurdal,29.05.1986,Yes,60.696389,9.658889,,,,,,,,
Tørke,gran,Raarvihke - Røyrvik,24.07.2020,No,64.8838,13.56311,-0.0725776965265115,-0.0725776965265115,-0.0725776965265115,,,,,
Storm,hegg,Eidsvoll,04.09.2017,No,60.3475,11.250833,5.666796874999991,5.666796874999991,5.666796874999991,1.5105520273571051,10.25388373229114,80.73658536585366,,
Vanlig granbarrust,gran,Stjørdal,19.08.2016,No,63.475,11.170833,0.6976190476190459,0.6976190476190459,0.6976190476190459,,,,,
Storm,dun-/vanlig bjørk,Kvænangen,08.09.2017,No,69.894167,21.980278,0.0156701030927832,0.0156701030927832,0.0156701030927832,,,,,
Vanlig granbarrust,gran,Nore og Uvdal,11.07.2023,No,60.307222,8.805556,1.6112054794520627,1.6112054794520627,1.6112054794520627,-4.481008495478206,6.916767123287685,74.9413698630137,,
Storm,dun-/vanlig bjørk,Nord-Fron,15.07.2016,No,61.595556,9.748056,0.9500000000000004,0.9500000000000004,0.9500000000000004,,,,,
Bjørkerust,"bjørk, ukjent art",Ål,16.09.2014,No,60.675556,8.576944,-1.1165876777251185,-1.1165876777251185,-1.1165876777251185,,,,,
Heggspinnmøll,hegg,Bærum,01.06.2024,No,59.8904,10.526,7.593726027397269,7.593726027397269,7.593726027397269,3.99301369863013,11.523808219178049,74.2668493150685,,
"Skader i planteskoler, Skader på rot eller stubbe, rotavdøing",berg-/buskfuru,Asker,28.03.1989,Yes,59.7,10.5,,,,-11.866666666666667,32.8,,,
Heggspinnmøll,hegg,Bergen,06.06.2024,No,60.3925,5.323333,7.46573170731707,7.46573170731707,7.46573170731707,,,,,
Rotkjuke,contorta-/vrifuru,Rendalen,01.08.1976,Yes,61.859444,11.176111,,,,,,,,
Rotkjuke,furu,Kongsberg,03.01.1984,Yes,59.665,9.646389,,,,,,,,
"Skader i planteskoler, Skader på rot eller stubbe, rotavdøing",gran,Halden,27.05.1981,Yes,59.126389,11.482778,,,,,,,,
"Hjort, Insekter og andre dyr",alm,Fjord,27.03.2018,No,62.30369,7.2578,4.238975817923186,4.238975817923186,4.238975817923186,,,,,
Snø,dun-/vanlig bjørk,Etnedal,26.07.2023,No,60.967222,9.653611,2.465835616438353,2.465835616438353,2.465835616438353,,,74.63411958310478,,
"Visning, avdøing, toppavdøing, skogdød",bartrær,Vestby,15.07.2021,No,59.575,10.731944,6.956245487364629,6.956245487364629,6.956245487364629,,,,,
Snø,dun-/vanlig bjørk,Nore og Uvdal,07.06.2019,No,60.307222,8.805556,1.651315068493148,1.651315068493148,1.651315068493148,-4.138535381239709,6.87685134393859,75.30356164383562,,
"Honningsopper, Næringsmangel, Tørke, Visning, avdøing, toppavdøing, skogdød",gran,Nannestad,04.11.1992,Yes,60.245556,10.952778,,,,,,,,
Målere,dun-/vanlig bjørk,Tromsø,24.06.2018,No,69.64961,18.95701,3.351671232876714,3.351671232876714,3.351671232876714,-0.0807342060330105,6.99621513944223,,,
Storm,dun-/vanlig bjørk,Namsskogan,14.09.2023,No,64.871944,12.976389,4.156990131578952,4.156990131578952,4.156990131578952,-0.2328125000000004,8.331250000000015,79.32767123287671,,
Storm,furu,Øvre Eiker,04.09.2023,No,59.771944,9.836111,6.707068223724642,6.707068223724642,6.707068223724642,,,,,
Snø,dun-/vanlig bjørk,Tynset,13.07.2018,No,62.275278,10.8325,2.158705785577185,2.158705785577185,2.158705785577185,-3.2679077521533784,7.260355852098961,77.77521929824562,,
Storm,dun-/vanlig bjørk,Tynset,31.08.2021,No,62.275278,10.8325,1.958109589041095,1.958109589041095,1.958109589041095,-3.6751780821917945,7.349534246575335,76.24383561643836,,
Vanlig granbarrust,gran,Risør,17.08.2017,No,58.724722,9.23,6.577144423129631,6.577144423129631,6.577144423129631,2.3022252747252776,11.311978021978025,77.15945205479451,,
Honningsopper,dun-/vanlig bjørk,Fjord,25.08.2013,Yes,62.30369,7.2578,,,,,,,,
Snø,gran,Tinn,07.06.2023,No,60.009167,8.559444,2.9175342465753427,2.9175342465753427,2.9175342465753427,-0.0457126948775046,6.142037861915348,73.3404605263158,,
Frost,gran,Nordre Land,05.08.2013,No,60.834722,10.075278,2.513390501319265,2.513390501319265,2.513390501319265,-1.487607119314435,7.264930784442984,80.33903884134298,,
Tyritoppsopp,furu,Alvdal,01.09.2012,Yes,62.109378,10.634422,,,,,,,,
Heggspinnmøll,hegg,Asker,27.05.2024,No,59.7,10.5,7.119185246352886,7.119185246352886,7.119185246352886,2.725744503200663,11.610687447815256,74.3091814159292,,
"Honningsopper, Visning, avdøing, toppavdøing, skogdød",gran,Lierne,30.08.1976,Yes,64.358889,13.642222,,,,,,,,
Vanlig granbarrust,gran,Tinn,07.06.2018,No,60.009167,8.559444,1.3901435406698586,1.3901435406698586,1.3901435406698586,-1.394162679425837,4.678660287081345,73.87189292543022,,
Vanlig granbarrust,gran,Kongsberg,14.09.2017,No,59.665,9.646389,11.16821705426357,11.16821705426357,11.16821705426357,,,,,
"Honningsopper, Rotkjuke",gran,Gran,03.06.2018,Yes,60.441111,10.495556,,,,,,,,
Målere,dun-/vanlig bjørk,Ringerike,24.08.2017,No,60.205281,10.1525,7.181751824817519,7.181751824817519,7.181751824817519,,,,,
Storm,gran,Nord-Aurdal,21.09.2016,No,60.959722,9.264167,1.8197314332693857,1.8197314332693857,1.8197314332693857,,,75.62849315068493,,
"Skader på rot eller stubbe, rotavdøing",ukjent,Bergen,30.05.1985,Yes,60.3925,5.323333,,,,,,,,
Storm,gran,Nordre Land,14.09.2022,No,60.834722,10.075278,3.629397260273964,3.629397260273964,3.629397260273964,-1.1359588087948806,8.137962705260236,79.41460735859418,,
Målere,dun-/vanlig bjørk,Målselv,09.08.2021,No,68.975,19.064444,3.124186343331203,3.124186343331203,3.124186343331203,,,,,
Tyritoppsopp,furu,Bærum,22.05.2022,Yes,59.8904,10.526,7.697205479452055,7.697205479452055,7.697205479452055,4.010191780821897,11.678465753424687,72.82575342465753,,
Snø,dun-/vanlig bjørk,Nord-Fron,24.09.2018,No,61.595556,9.748056,3.870149253731341,3.870149253731341,3.870149253731341,,,,,
Vanlig granbarrust,gran,Rendalen,03.07.2017,No,61.859444,11.176111,-0.3444915254237272,-0.3444915254237272,-0.3444915254237272,,,,,
Storm,dun-/vanlig bjørk,Hustadvika,06.09.2013,No,62.916796,7.22763,6.551658897724146,6.551658897724146,6.551658897724146,3.734123749536877,10.43986661726567,76.20328767123287,,
Tyritoppsopp,furu,Midt-Telemark,15.10.1992,Yes,59.45,9.1,,,,,,,,
"Skader i ved (misfarging, råte)",dun-/vanlig bjørk,Ålesund,25.01.1994,Yes,62.471239,6.154239,,,,,,,,
Tørke,gran,Ål,02.06.2020,No,60.675556,8.576944,3.584123025768913,3.584123025768913,3.584123025768913,,,,,
Toppråtesopp,sibiredelgran,Nordre Land,08.01.1996,Yes,60.834722,10.075278,1.926821917808223,1.926821917808223,1.926821917808223,-2.0723287671232824,6.880876712328773,78.55780821917809,,
Snø,osp,Bygland,15.07.2021,No,58.824444,7.801944,7.342602739726046,7.342602739726046,7.342602739726046,4.111808219178088,11.370164383561653,75.93753424657534,,
Storm,dun-/vanlig bjørk,Nore og Uvdal,01.10.2015,No,60.307222,8.805556,0.957467799397094,0.957467799397094,0.957467799397094,-4.035103926097,6.564867205542702,76.29808219178082,,
Tyritoppsopp,furu,Kvænangen,04.07.2021,Yes,69.894167,21.980278,0.7550990462215696,0.7550990462215696,0.7550990462215696,,,,,
"Furustokkjuke, Gulrandkjuke",furu,Lom,21.08.1981,Yes,61.8386,8.5674,,,,,,,,
Storm,gran,Engerdal,08.06.2017,No,61.883333,12.033333,1.515291860783772,1.515291860783772,1.515291860783772,-3.72706270627064,6.311743674367436,78.96109589041096,,
Rognerustsopp,rogn,Dovre,02.08.2016,No,62.035,9.4675,1.2081406551059708,1.2081406551059708,1.2081406551059708,-2.433333333333336,4.942315270935968,76.75865384615385,,
Snø,dun-/vanlig bjørk,Rendalen,02.09.2014,No,61.859444,11.176111,-0.5892376681614331,-0.5892376681614331,-0.5892376681614331,,,,,
Frosttørke,"einer, furu, gran",Fjaler,22.05.2014,No,61.306111,5.463333,4.17927927927928,4.17927927927928,4.17927927927928,,,,,
Tørke,gran,Tinn,24.07.2022,No,60.009167,8.559444,2.860849315068496,2.860849315068496,2.860849315068496,-0.0780623608017815,6.067761692650322,73.16447368421052,,
Rotkjuke,furu,Tingvoll,23.01.1985,Yes,62.9,8.2,,,,,,,,
Liten høstmåler,"blåbær, dvergbjørk, fjellbjørk, krekling, vier/pil, ukjent art",Tana,15.07.2018,No,70.196389,28.186669,0.7801041381200358,0.7801041381200358,0.7801041381200358,-3.4728966840230164,4.765360372704869,78.44164383561643,,
"Honningsopper, Tørke",gran,Nannestad,07.11.2008,Yes,60.245556,10.952778,,,,,,,,
Snø,dun-/vanlig bjørk,Målselv,15.08.2017,No,68.975,19.064444,0.5185185185185196,0.5185185185185196,0.5185185185185196,,,,,
Honningsopper,dun-/vanlig bjørk,Rødøy,30.06.2019,Yes,66.583333,13.35,,,,,,,,
Honningsopper,gran,Ringerike,18.12.1989,Yes,60.205281,10.1525,,,,,,,,
Storm,rogn,Melhus,31.08.2020,No,63.166667,10.3,5.697608274078862,5.697608274078862,5.697608274078862,,,,,
Snø,gran,Nordre Land,05.07.2021,No,60.834722,10.075278,3.4692054794520497,3.4692054794520497,3.4692054794520497,-1.1888004391984626,7.938676914630782,80.27127951674903,,
Snø,gran,Lillehammer,09.08.2019,No,61.11464,10.46743,4.905100082259395,4.905100082259395,4.905100082259395,1.2480076944215486,9.10261060730972,75.70246575342466,,
Tyritoppsopp,furu,Folldal,31.08.2012,Yes,62.199167,10.035278,,,,,,,,
Målere,dun-/vanlig bjørk,Orkland,14.07.2022,No,63.3067,9.8502,7.194847328244275,7.194847328244275,7.194847328244275,,,,,
Storm,dun-/vanlig bjørk,Rana,09.06.2022,No,66.366667,14.333333,3.567580910586945,3.567580910586945,3.567580910586945,-0.6277840269966266,7.6789532920652865,76.8547149122807,,
Snø,dun-/vanlig bjørk,Sunnfjord,27.06.2023,No,61.4522,5.8572,6.563113264688074,6.563113264688074,6.563113264688074,,,,,
Honningsopper,gran,Asker,20.01.1989,Yes,59.7,10.5,,,,-11.866666666666667,32.8,,,
"Abiotiske skader, Skader på rot eller stubbe, rotavdøing",berg-/buskfuru,Asker,01.12.1988,Yes,59.7,10.5,,,,-11.866666666666667,32.8,,,
"Rotkjuke, Skader på rot eller stubbe, rotavdøing",gran,Steinkjer,29.11.1989,Yes,64.013056,11.496944,,,,,,,,
Honningsopper,"bjørk, ukjent art",Ringerike,16.10.2013,Yes,60.205281,10.1525,,,,,,,,
"Abiotiske skader, Skader på rot eller stubbe, rotavdøing",gran,Namsskogan,10.07.1986,Yes,64.871944,12.976389,,,,,,,,
Tyritoppsopp,berg-/buskfuru,Lillestrøm,19.06.1991,Yes,59.954,11.04,,,,,,,,
"Skader på rot eller stubbe, rotavdøing",fjelledelgran,Suldal,28.10.1994,Yes,59.468333,6.499722,,,,,,,,
Heggspinnmøll,hegg,Bergen,30.05.2024,No,60.3925,5.323333,7.468475609756093,7.468475609756093,7.468475609756093,,,,,
Snø,dun-/vanlig bjørk,Sirdal,03.10.2022,No,58.861944,6.813333,5.343342036553524,5.343342036553524,5.343342036553524,,,,,
Vanlig granbarrust,gran,Åmot,17.07.2014,No,59.893056,9.926389,6.031405864620446,6.031405864620446,6.031405864620446,2.4120780939775046,11.155956320317678,73.63651315789474,,
Målere,dun-/vanlig bjørk,Suortá - Sortland,13.07.2015,No,68.695833,15.413056,5.23499433748584,5.23499433748584,5.23499433748584,2.363273195876287,8.2367637540453,73.85118376550169,,
Snø,dun-/vanlig bjørk,Tolga,28.07.2021,No,62.401389,11.022222,1.5914110429447854,1.5914110429447854,1.5914110429447854,,,,,
"Honningsopper, Skader i bark og vekstlag",sitkagran,Eigersund,08.11.2024,Yes,58.478333,6.063056,7.510700828937444,7.510700828937444,7.510700828937444,,,,,
Storm,osp,Vinje,07.06.2023,No,59.801389,7.779167,0.0955330227459582,0.0955330227459582,0.0955330227459582,-1.7304924800943662,2.9959598938366363,,,
Tyritoppsopp,furu,Lesja,11.11.2005,Yes,62.210556,8.644722,,,,,,,,
Vanlig granbarrust,gran,Tynset,20.07.2014,No,62.275278,10.8325,1.021387441732931,1.021387441732931,1.021387441732931,-3.783316749585391,6.349071001990699,77.92931506849315,,
"Oversvømmelse, oksygenmangel, drukning",gråor,Surnadal,20.09.2023,No,62.9475,8.77,4.948929889298892,4.948929889298892,4.948929889298892,,,,,
Vanlig granbarrust,gran,Skien,27.08.2014,No,59.208061,9.552781,7.830294906166221,7.830294906166221,7.830294906166221,2.4394190871369297,11.540498442367603,73.37918871252205,,
Storm,gran,Orkland,28.06.2022,No,63.3067,9.8502,7.17774234693878,7.17774234693878,7.17774234693878,,,,,
Toppråtesopp,gran,Fuosko - Fauske,02.05.1988,Yes,67.258889,15.391667,,,,,,,,
Snø,"gran, gråor",Gausdal,03.06.2020,No,61.276667,9.9225,4.854270923209658,4.854270923209658,4.854270923209658,,,,,
Hjortedyr,rogn,Notodden,09.06.2021,No,59.559328,9.259292,1.775274122807022,1.775274122807022,1.775274122807022,-0.3965025181869045,4.665874125874139,,,
Tyritoppsopp,furu,Balsfjord,23.06.2011,Yes,69.304722,19.203611,,,,,,,,
Honningsopper,gran,Tønsberg,22.11.1989,Yes,59.298056,10.423611,,,,,,,,
Honningsopper,gran,Tønsberg,07.02.1990,Yes,59.298056,10.423611,,,,,,,,
Tyritoppsopp,furu,Kristiansand,30.05.2004,Yes,58.146722,7.995611,,,,,,,,
Vanlig granbarrust,gran,Åmot,11.09.2015,No,59.893056,9.926389,6.5956974513565285,6.5956974513565285,6.5956974513565285,2.9505229517722293,11.763277164439325,74.79879385964912,,
Askeskuddbeger,ask,Asker,03.06.2008,No,59.7,10.5,6.460243407707903,6.460243407707903,6.460243407707903,2.3711340206185563,10.900057273768608,74.02187679907887,,
"Skader på rot eller stubbe, rotavdøing",fjelledelgran,Froland,05.11.1998,Yes,58.583056,8.572222,,,,,,,,
"Granbarkbille, Liten granbarkbille","bartrær, gran",Ringsaker,30.05.2020,No,61.024167,10.801944,5.561086375779158,5.561086375779158,5.561086375779158,,,,,
"Skader på rot eller stubbe, rotavdøing","sypress, ukjent art",Stavanger,18.07.1988,Yes,58.97,5.731389,,,,,,,,
"Skader i ved (misfarging, råte)",nobelgran,Sandnes,04.01.1995,Yes,58.845,5.829444,,,,,,,,
Snø,furu,Samnanger,22.07.2020,No,60.402778,5.805556,7.963823529411774,7.963823529411774,7.963823529411774,,,,,
Snø,"dun-/vanlig bjørk, osp",Brønnøy,24.06.2021,No,65.475833,12.400278,6.78262537681556,6.78262537681556,6.78262537681556,4.0724800878879375,9.69420488876678,75.94630136986301,,
"Rotkjuke, Skader på rot eller stubbe, rotavdøing",gran,Halden,08.01.1987,Yes,59.126389,11.482778,,,,,,,,
Askeskuddbeger,ask,Askvoll,22.06.2012,No,61.405833,5.242222,7.578865131578956,7.578865131578956,7.578865131578956,5.029733275032783,10.771272409269756,75.62520547945205,,
Storm,alm,Seljord,05.08.2015,No,59.513333,8.648889,2.5819126819126788,2.5819126819126788,2.5819126819126788,-0.2597416576964472,4.34407327586207,,,
"Honningsopper, Lokkrust",gran,Øvre Eiker,08.07.1991,Yes,59.771944,9.836111,,,,,,,,
"Skader i planteskoler, Skader på rot eller stubbe, rotavdøing",gran,Verdal,07.11.1985,Yes,63.792222,11.481667,,,,,,,,
Snø,dun-/vanlig bjørk,Søndre Land,11.10.2022,No,60.676944,10.278889,3.589111241907008,3.589111241907008,3.589111241907008,,,,,
Furustokkjuke,furu,Tønsberg,07.08.1992,Yes,59.298056,10.423611,,,,,,,,
Hjortedyr,rogn,Vinje,18.09.2020,No,59.801389,7.779167,-0.0751129648939852,-0.0751129648939852,-0.0751129648939852,-1.8471390678287207,2.8352785145888624,,,
Snø,gran,Ringsaker,19.06.2020,No,61.024167,10.801944,5.757480314960626,5.757480314960626,5.757480314960626,,,,,
"Skader i planteskoler, Skader på rot eller stubbe, rotavdøing, Vår- og sommerfrost","gran, nordmannsedelgran",Froland,28.08.1986,Yes,58.583056,8.572222,,,,,,,,
Tyritoppsopp,furu,Evje og Hornnes,02.07.2019,Yes,58.5925,7.812219,,,,,,,,
Snø,dun-/vanlig bjørk,Nannestad,26.07.2021,No,60.245556,10.952778,4.231054687499998,4.231054687499998,4.231054687499998,,,,,
"Frosttørke, Tørke","furu, gran",Åfjord,16.07.2014,No,63.977778,10.385556,5.827342465753431,5.827342465753431,5.827342465753431,2.6544731610337995,10.155897945659348,76.27342465753425,,
Storm,gran,Jevnaker,22.09.2023,No,60.238889,10.393056,4.590523690773071,4.590523690773071,4.590523690773071,,,,,
Bjørkerust,dun-/vanlig bjørk,Karasjok,20.08.2018,No,69.47223,25.51885,-0.6074794520547985,-0.6074794520547985,-0.6074794520547985,-5.715165745856343,4.017559359469913,77.43506849315068,,
"Oversvømmelse, oksygenmangel, drukning",gran,Nordre Land,31.07.2018,No,60.834722,10.075278,3.3418400234397923,3.3418400234397923,3.3418400234397923,-1.216858237547887,7.897465369879161,80.99480326651819,,
Storm,gran,Midtre Gauldal,28.09.2022,No,62.921111,10.500556,4.50533333333333,4.50533333333333,4.50533333333333,,,,,
Snø,"furu, gran",Lindesnes,19.06.2019,No,58.104167,7.288889,8.72002743484224,8.72002743484224,8.72002743484224,5.805050782322292,11.783035959374129,78.42027397260274,,
Målere,dun-/vanlig bjørk,Storfjord,23.07.2019,No,69.278611,20.286667,3.29213483146067,3.29213483146067,3.29213483146067,-0.6890655509065545,7.144769874477004,72.39890410958904,,
Hjortedyr,furu,Tynset,07.09.2016,No,62.275278,10.8325,2.0149986290101385,2.0149986290101385,2.0149986290101385,-3.1681957186544323,6.94305980528513,78.0701754385965,,
"Furuas knopp- og greintørkesopp, Halmgule topper på furu, Rotkjuke, Vår- og sommerfrost",gran,Lierne,14.05.1986,Yes,64.358889,13.642222,,,,,,,,
Storm,gråor,Luster,19.07.2022,No,61.493889,7.329444,5.299228944246742,5.299228944246742,5.299228944246742,,,,,
Storm,dun-/vanlig bjørk,Luster,03.07.2015,No,61.493889,7.329444,2.809271523178809,2.809271523178809,2.809271523178809,,,,,
Vanlig granbarrust,gran,Øyer,23.09.2021,No,60.353,11.64,5.946438356164386,5.946438356164386,5.946438356164386,1.4896504266446449,10.61870701513069,79.78630136986301,,
Snø,gran,Birkenes,22.07.2022,No,58.449444,8.233333,6.466356164383562,6.466356164383562,6.466356164383562,1.5732328767123294,11.462191780821932,80.38356164383562,,
Snø,dun-/vanlig bjørk,Sunnfjord,20.06.2015,No,61.4522,5.8572,6.20901408450704,6.20901408450704,6.20901408450704,,,,,
Målere,dun-/vanlig bjørk,Tolga,09.09.2016,No,62.401389,11.022222,-0.1977917981072553,-0.1977917981072553,-0.1977917981072553,,,,,
"Lyn, Tyritoppsopp",furu,Nannestad,19.05.2014,Yes,60.245556,10.952778,-2.1455128205128204,-2.1455128205128204,-2.1455128205128204,,,,,
Snø,spisslønn,Holmestrand,18.06.2020,No,59.495281,10.248611,7.126741944367935,7.126741944367935,7.126741944367935,2.7261944444444426,11.766083333333365,75.14814814814815,,
Honningsopper,gran,Asker,20.01.1989,Yes,59.7,10.5,,,,-11.866666666666667,32.8,,,
Vanlig granbarrust,gran,Nordre Land,10.09.2014,No,60.834722,10.075278,2.651514071962949,2.651514071962949,2.651514071962949,-1.0916467780429586,7.6783412887828355,80.19141323792486,,
Tyritoppsopp,furu,Bærum,27.05.2019,Yes,59.8904,10.526,7.553397260273977,7.553397260273977,7.553397260273977,4.0047397260274025,11.497013698630129,74.23835616438356,,
Snø,dun-/vanlig bjørk,Flå,07.07.2017,No,60.408611,9.484167,5.759844703272326,5.759844703272326,5.759844703272326,1.556685714285714,10.628485714285729,74.97689768976898,,
Storm,dun-/vanlig bjørk,Sunnfjord,10.09.2021,No,61.4522,5.8572,6.798012422360249,6.798012422360249,6.798012422360249,,,,,
Honningsopper,gran,Beiarn,14.10.1988,Yes,66.917222,14.674722,,,,,,,,
Storm,dun-/vanlig bjørk,Lesja,14.06.2023,No,62.210556,8.644722,2.6066497783407248,2.6066497783407248,2.6066497783407248,,,,,
Snø,gråor,Vinje,21.07.2018,No,59.801389,7.779167,-0.8422187981510015,-0.8422187981510015,-0.8422187981510015,-2.971648690292753,1.6443759630200283,,,
Heggspinnmøll,hegg,Øvre Eiker,22.05.2024,No,59.771944,9.836111,6.583454987834542,6.583454987834542,6.583454987834542,,,,,
Målere,dun-/vanlig bjørk,Rana,30.06.2023,No,66.366667,14.333333,3.742203343381744,3.742203343381744,3.742203343381744,-0.3995067141682654,7.886681282543184,77.47671232876712,,
"Skader på rot eller stubbe, rotavdøing",gran,Gran,26.10.1988,Yes,60.441111,10.495556,,,,,,,,
Snø,dun-/vanlig bjørk,Nore og Uvdal,28.06.2023,No,60.307222,8.805556,1.6273424657534328,1.6273424657534328,1.6273424657534328,-4.500493285831732,6.952383561643861,74.8,,
Storm,dun-/vanlig bjørk,Sunnfjord,21.06.2014,No,61.4522,5.8572,5.642424242424243,5.642424242424243,5.642424242424243,,,,,
Snø,dun-/vanlig bjørk,Ål,11.06.2019,No,60.675556,8.576944,3.48222698072805,3.48222698072805,3.48222698072805,,,,,
"Frost, Furuas knopp- og greintørkesopp, Granbarstripesopp, Honningsopper, Rotkjuke, Snø, Vanlig granbarrust",gran,Lierne,07.07.1986,Yes,64.358889,13.642222,,,,,,,,
Frosttørke,"furu, gran, nobelgran, nordmannsedelgran",Farsund,06.06.2014,No,58.082778,6.752778,0.4111111111111114,0.4111111111111114,0.4111111111111114,,,,,
Snø,dun-/vanlig bjørk,Ål,11.09.2020,No,60.675556,8.576944,3.940080645161291,3.940080645161291,3.940080645161291,,,,,
Storm,dun-/vanlig bjørk,Midtre Gauldal,17.09.2021,No,62.921111,10.500556,4.467948717948718,4.467948717948718,4.467948717948718,,,,,
Snø,rogn,Sigdal,31.08.2022,No,60.0525,9.601111,5.75157639450283,5.75157639450283,5.75157639450283,,,,,
Vanlig granbarrust,gran,Oppdal,06.09.2016,No,62.566667,9.6,4.164604810996564,4.164604810996564,4.164604810996564,,,,,
Bjørkerust,"bjørk, ukjent art",Tynset,14.08.2017,No,62.275278,10.8325,1.9533315053468563,1.9533315053468563,1.9533315053468563,-3.339494163424121,6.959538375973303,77.98684210526316,,
Vanlig granbarrust,gran,Nordre Land,22.08.2014,No,60.834722,10.075278,2.6439615247595283,2.6439615247595283,2.6439615247595283,-1.1737635705669478,7.570868516284697,80.2409850483729,,
Heggspinnmøll,hegg,Selbu,31.07.2008,No,63.198333,11.140278,4.446016260162601,4.446016260162601,4.446016260162601,0.5198717948717958,8.709294871794867,74.86363636363636,,
Snø,dun-/vanlig bjørk,Ringebu,13.09.2023,No,61.535556,10.308056,1.3258082191780804,1.3258082191780804,1.3258082191780804,-1.2431431705979168,4.368191780821929,79.99945024738868,,
Honningsopper,gran,Beiarn,06.12.1988,Yes,66.917222,14.674722,,,,,,,,
Vanlig granbarrust,gran,Nordre Land,20.05.2019,No,60.834722,10.075278,3.4401261656609994,3.4401261656609994,3.4401261656609994,-1.193822075782537,7.988605161998895,80.98780487804878,,
Tyritoppsopp,furu,Vågå,20.07.1978,Yes,61.875,9.095833,,,,,,,,
Heggspinnmøll,hegg,Ringsaker,07.06.2024,No,61.024167,10.801944,6.157725587144632,6.157725587144632,6.157725587144632,,,,,
Lønnetjæreflekk,spisslønn,Lier,15.07.2014,No,59.8675,10.214167,-8.900641025641026,-8.900641025641026,-8.900641025641026,,,,,
Heggspinnmøll,hegg,Lillehammer,04.06.2024,No,61.11464,10.46743,5.001781798245606,5.001781798245606,5.001781798245606,1.2750963126031876,9.22022564667033,75.01371365880416,,
Almesjukesopp,alm,Bærum,05.10.1990,No,59.8904,10.526,6.082630136986304,6.082630136986304,6.082630136986304,2.834191780821915,10.037534246575348,67.83780821917809,,
Toppråtesopp,gran,Åsnes,11.01.2000,Yes,60.653611,12.153056,,,,,,,,
"Honningsopper, Toppråtesopp",gran,Bodø,11.11.2005,Yes,67.283056,14.383056,,,,,,,,
Tørke,rogn,Tønsberg,15.09.2018,No,59.298056,10.423611,5.193825042881647,5.193825042881647,5.193825042881647,,,,,
Storm,gran,Skien,17.09.2018,No,59.208061,9.552781,7.310903597912663,7.310903597912663,7.310903597912663,2.755248933143668,11.35939100739895,74.09972602739727,,
"Skader på rot eller stubbe, rotavdøing",contorta-/vrifuru,Tydal,29.12.1993,Yes,63.018333,11.815,,,,,,,,
Målere,dun-/vanlig bjørk,Selbu,28.07.2017,No,63.198333,11.140278,5.288298163880514,5.288298163880514,5.288298163880514,1.3592267617219618,9.707677543186223,74.81424657534247,,
Heggspinnmøll,hegg,Lillehammer,05.06.2024,No,61.11464,10.46743,5.001946271929816,5.001946271929816,5.001946271929816,1.2732250963125988,9.215354980737471,75.0,,
Storm,gran,Nannestad,04.10.2021,No,60.245556,10.952778,4.58580323785803,4.58580323785803,4.58580323785803,,,,,
Tyritoppsopp,"furu, ukjent art",Kongsberg,28.05.2007,Yes,59.665,9.646389,,,,,,,,
Snø,dun-/vanlig bjørk,Gausdal,15.09.2020,No,61.276667,9.9225,5.647885075818032,5.647885075818032,5.647885075818032,,,,,
Storm,gran,Asker,07.10.2014,No,59.7,10.5,6.243281121187131,6.243281121187131,6.243281121187131,2.684386252045823,11.153649754500824,76.35835616438357,,
Tyritoppsopp,furu,Birkenes,13.01.2013,Yes,58.449444,8.233333,5.158878504672895,5.158878504672895,5.158878504672895,0.621866666666665,9.958799999999991,80.52380952380952,,
Snø,furu,Luster,16.09.2021,No,61.493889,7.329444,5.660573923892707,5.660573923892707,5.660573923892707,,,,,
Tyritoppsopp,furu,Asker,18.03.2005,Yes,59.7,10.5,5.952028927280018,5.952028927280018,5.952028927280018,2.173646496815286,10.35585657370518,77.60159362549801,,
"Honningsopper, Magnesiummangel, Ukjent/kompleks årsak av klimatisk art",gran,Sandefjord,18.03.1991,Yes,59.128811,10.219711,,,,,,,,
"Insekter, Lokkrust, Skader i planteskoler, Skader på rot eller stubbe, rotavdøing",gran,Øvre Eiker,29.08.1980,Yes,59.771944,9.836111,,,,,,,,
Snø,gran,Nesbyen,08.08.2016,No,60.558333,9.101111,4.342640573318634,4.342640573318634,4.342640573318634,-0.3239735464315237,9.67092863047672,75.59649122807018,,
Snø,dun-/vanlig bjørk,Voss,09.08.2022,No,60.7025,6.423056,3.1442996742671045,3.1442996742671045,3.1442996742671045,,,,,
Storm,dun-/vanlig bjørk,Tromsø,17.07.2019,No,69.64961,18.95701,3.2978134514254123,3.2978134514254123,3.2978134514254123,-0.3704585026117237,6.598896952104513,,,
Vanlig granbarrust,gran,Selbu,12.07.2016,No,63.198333,11.140278,5.361112633598236,5.361112633598236,5.361112633598236,1.4714207350521098,9.712561711464646,74.12931506849316,,
Næringsmangel,"contorta-/vrifuru, furu",Engerdal,19.02.1998,No,61.883333,12.033333,0.0226622662266229,0.0226622662266229,0.0226622662266229,-4.715511551155116,5.314906490649063,73.68481848184818,,
Storm,dun-/vanlig bjørk,Farsund,27.07.2018,No,58.082778,6.752778,7.191042345276875,7.191042345276875,7.191042345276875,,,,,
Storm,rogn,Luster,26.06.2020,No,61.493889,7.329444,5.4611003236246,5.4611003236246,5.4611003236246,,,,,
Storm,osp,Ås,23.05.2018,No,59.660278,10.783611,5.898660714285714,5.898660714285714,5.898660714285714,,,,,
"Oversvømmelse, oksygenmangel, drukning",dun-/vanlig bjørk,Åmot,22.06.2016,No,59.893056,9.926389,7.097944642367763,7.097944642367763,7.097944642367763,3.030824175824182,11.642884615384652,76.01754385964912,,
"Askeskuddbeger, Honningsopper",ask,Modum,19.08.2021,Yes,59.9575,9.982778,,,,,,,,
"Rotkjuke, Tyritoppsopp","furu, gran",Fuosko - Fauske,29.11.1983,Yes,67.258889,15.391667,,,,,,,,
Snø,dun-/vanlig bjørk,Rana,30.08.2016,No,66.366667,14.333333,3.70887671232877,3.70887671232877,3.70887671232877,0.0544600938967114,7.469621651477485,76.28493150684932,,
Vanlig granbarrust,gran,Nore og Uvdal,13.09.2014,No,60.307222,8.805556,0.3824739440482718,0.3824739440482718,0.3824739440482718,-4.535915721231764,6.232771474878444,76.81205479452055,,
"Skader på rot eller stubbe, rotavdøing",fjelledelgran,Færder,18.05.2005,Yes,59.22,10.41,,,,,,,,
Rotkjuke,"lerk, ukjent art",Inderøy,30.07.1992,Yes,63.899444,11.22,,,,,,,,
"Abiotiske skader, Tyritoppsopp",furu,Målselv,16.09.1977,Yes,68.975,19.064444,,,,,,,,
Heggspinnmøll,hegg,Bergen,02.06.2024,No,60.3925,5.323333,7.473902439024387,7.473902439024387,7.473902439024387,,,,,
Tyritoppsopp,furu,Asker,13.07.1998,Yes,59.7,10.5,5.455565179731485,5.455565179731485,5.455565179731485,1.755497835497836,9.79792387543253,76.51428571428572,,
Heggspinnmøll,hegg,Porsgrunn,25.05.2024,No,59.1419,9.6568,7.315648122773367,7.315648122773367,7.315648122773367,3.0255965909090894,12.331960227272727,77.09753424657534,,
"Skader på rot eller stubbe, rotavdøing",gran,Midt-Telemark,03.11.1998,Yes,59.45,9.1,,,,,,,,
Storm,dun-/vanlig bjørk,Sunndal,21.07.2020,No,62.612778,8.634167,5.216853932584263,5.216853932584263,5.216853932584263,1.0610410958904093,9.66550684931508,73.8727372462973,,
Rotkjuke,sitkagran,Inderøy,31.07.1985,Yes,63.899444,11.22,,,,,,,,
Ildkjuke,"asal, ukjent art",Lillestrøm,08.07.1987,Yes,59.954,11.04,,,,,,,,
Målere,dun-/vanlig bjørk,Lierne,18.09.2020,No,64.358889,13.642222,2.826166902404525,2.826166902404525,2.826166902404525,-0.6381355932203376,6.200141442715703,80.29943502824858,,
Snø,dun-/vanlig bjørk,Fuosko - Fauske,07.07.2021,No,67.258889,15.391667,5.405838926174496,5.405838926174496,5.405838926174496,,,,,
Snø,dun-/vanlig bjørk,Rana,10.06.2022,No,66.366667,14.333333,3.564097641250687,3.564097641250687,3.564097641250687,-0.6325084364454456,7.67507034327519,76.85635964912281,,
Hjortedyr,gran,Nesbyen,15.05.2013,No,60.558333,9.101111,3.014667769506481,3.014667769506481,3.014667769506481,-1.5194584139264942,8.598143133462292,76.57213384530993,,
Honningsopper,gran,Ringerike,05.12.1989,Yes,60.205281,10.1525,,,,,,,,
Snø,gran,Hægebostad,12.06.2013,No,58.456667,7.219722,-3.5795454545454537,-3.5795454545454537,-3.5795454545454537,,,,,
Honningsopper,gran,Holmestrand,20.09.2004,Yes,59.495281,10.248611,5.948948220064717,5.948948220064717,5.948948220064717,2.1913392141138743,10.376243980738348,77.68298555377207,,
"Honningsopper, Nitrogenmangel, Visning, avdøing, toppavdøing, skogdød",gran,Arendal,30.09.1996,Yes,58.466667,8.766667,7.674684931506857,7.674684931506857,7.674684931506857,5.617698630136987,10.18071232876713,85.48438356164384,,
"Skader på rot eller stubbe, rotavdøing",dun-/vanlig bjørk,Bergen,24.06.1985,Yes,60.3925,5.323333,,,,,,,,
"Skader i ved (misfarging, råte)","bjørk, ukjent art",Bærum,25.08.1989,Yes,59.8904,10.526,5.568712328767131,5.568712328767131,5.568712328767131,2.3976438356164387,9.412767123287674,69.16657534246575,,
Rotmorkel,"furu, gran",Elverum,15.09.1977,Yes,60.883333,11.566667,,,,,,,,
Målere,dun-/vanlig bjørk,Nore og Uvdal,15.07.2017,No,60.307222,8.805556,1.3244176486708672,1.3244176486708672,1.3244176486708672,-4.214293552812076,6.492839506172825,75.72657534246575,,
Snø,furu,Råde,17.08.2022,No,59.348889,10.855,7.762291038640703,7.762291038640703,7.762291038640703,3.4814144736842065,12.150849780701783,80.55013698630137,,
Snø,dun-/vanlig bjørk,Kongsvinger,04.06.2013,No,60.19117,11.99916,4.183707151925516,4.183707151925516,4.183707151925516,0.0506686478454664,9.025272547076309,78.4096,,
"Skader i ved (misfarging, råte), Ukjent/kompleks årsak av klimatisk art",furu,Molde,21.08.1987,Yes,62.733333,7.183333,,,,,,,,
Storm,dun-/vanlig bjørk,Seljord,29.07.2022,No,59.513333,8.648889,1.903563596491231,1.903563596491231,1.903563596491231,-0.2923894795747065,4.805986013986006,,,
Snø,dun-/vanlig bjørk,Seljord,13.06.2020,No,59.513333,8.648889,1.7085217870932177,1.7085217870932177,1.7085217870932177,-0.5774314574314567,4.484939411425292,,,
Snø,gran,Lier,19.08.2020,No,59.8675,10.214167,5.682008368200836,5.682008368200836,5.682008368200836,,,,,
Almesjukesopp,alm,Bærum,19.08.1993,No,59.8904,10.526,6.903315068493165,6.903315068493165,6.903315068493165,3.5846575342465847,10.926794520547984,70.68767123287671,,
Storm,gran,Kragerø,28.08.2021,No,58.886944,9.346944,6.5088749126485,6.5088749126485,6.5088749126485,,,,,
Storm,gråor,Fjord,09.08.2019,No,62.30369,7.2578,4.53158388003749,4.53158388003749,4.53158388003749,,,,,
Snø,gran,Ringerike,06.08.2018,No,60.205281,10.1525,4.562500000000001,4.562500000000001,4.562500000000001,,,,,
Honningsopper,rogn,Frogn,18.09.2006,Yes,59.698889,10.655278,,,,,,,,
Snø,bartrær,Kongsberg,08.02.2021,No,59.665,9.646389,6.075850622406636,6.075850622406636,6.075850622406636,,,,,
Hjortedyr,furu,Trysil,25.05.2021,No,61.31,12.315,0.2943425877422727,0.2943425877422727,0.2943425877422727,-2.2430570505920318,2.71996770721205,84.34659685863875,,
Almesjukesopp,alm,Bærum,26.07.1994,No,59.8904,10.526,6.532246575342452,6.532246575342452,6.532246575342452,3.18827397260274,10.566794520547948,71.92109589041095,,
Snø,gran,Skien,16.09.2018,No,59.208061,9.552781,7.310436693216152,7.310436693216152,7.310436693216152,2.756216216216214,11.359220261809876,74.09643835616438,,
"Honningsopper, Tørke",gran,Kongsvinger,17.09.1975,Yes,60.19117,11.99916,,,,,,,,
Snø,furu,Rendalen,05.08.2016,No,61.859444,11.176111,-0.6812903225806438,-0.6812903225806438,-0.6812903225806438,,,,,
Heggspinnmøll,hegg,Sunnfjord,07.06.2024,No,61.4522,5.8572,6.3780952380952405,6.3780952380952405,6.3780952380952405,,,,,
Målere,dun-/vanlig bjørk,Kautokeino,24.08.2021,No,69.01151,23.04148,-1.0405479452054864,-1.0405479452054864,-1.0405479452054864,-5.773479452054806,3.826849315068501,77.2854794520548,,
Snø,dun-/vanlig bjørk,Fyresdal,14.06.2023,No,59.165833,8.019722,3.063280060882802,3.063280060882802,3.063280060882802,,,,,
Målere,dun-/vanlig bjørk,Nore og Uvdal,19.06.2018,No,60.307222,8.805556,1.733296793642092,1.733296793642092,1.733296793642092,-3.894212835984637,6.887383433900168,75.6213698630137,,
Rotsnutebiller,gran,Midt-Telemark,06.11.2014,No,59.45,9.1,3.776113360323884,3.776113360323884,3.776113360323884,0.3360730593607313,4.820700152207002,,,
Vanlig granbarrust,gran,Midt-Telemark,25.08.2014,No,59.45,9.1,3.567259786476868,3.567259786476868,3.567259786476868,-0.3731617647058815,4.176838235294118,,,
Eikemjøldoggsopp,"eik, ukjent art",Horten,22.06.2014,No,59.420831,10.432781,0.2585987261146499,0.2585987261146499,0.2585987261146499,,,,,
Storm,dun-/vanlig bjørk,Vestre Slidre,27.08.2019,No,61.060556,8.917222,6.200478468899513,6.200478468899513,6.200478468899513,,,,,
"Furustokkjuke, Nåle- eller bladtap",furu,Vennesla,21.10.1986,Yes,58.310556,7.856944,,,,,,,,
Storm,gråor,Snåase - Snåsa,12.09.2022,No,64.24606,12.38298,4.471287671232877,4.471287671232877,4.471287671232877,-0.040148596587782,8.60558613098514,78.20219178082192,,
Snø,dun-/vanlig bjørk,Ål,11.05.2022,No,60.675556,8.576944,3.589272943980931,3.589272943980931,3.589272943980931,,,,,
Heggspinnmøll,hegg,Porsgrunn,05.06.2024,No,59.1419,9.6568,7.340010961907376,7.340010961907376,7.340010961907376,3.055482954545453,12.35019886363636,77.12931506849316,,
Barkbiller,,Notodden,06.07.2021,No,59.559328,9.259292,1.8239857456140407,1.8239857456140407,1.8239857456140407,-0.350195858981533,4.711888111888127,,,
Målere,dun-/vanlig bjørk,Porsanger,27.07.2022,No,70.05214,24.95594,2.0522060838585903,2.0522060838585903,2.0522060838585903,-1.624221357063414,5.830970252988595,75.14465753424658,,
Heggspinnmøll,hegg,Bergen,25.05.2024,No,60.3925,5.323333,7.449694749694745,7.449694749694745,7.449694749694745,,,,,
Storm,dun-/vanlig bjørk,Kvænangen,06.09.2023,No,69.894167,21.980278,2.2912954078135703,2.2912954078135703,2.2912954078135703,,,,,
Snø,dun-/vanlig bjørk,Overhalla,02.08.2018,No,64.507778,11.893889,5.246139049189339,5.246139049189339,5.246139049189339,1.5965148960089943,8.98760539629006,75.56438356164384,,
Frost,gråor,Namsskogan,06.06.2022,No,64.871944,12.976389,4.018393640350873,4.018393640350873,4.018393640350873,-0.3440789473684209,8.226206140350877,78.38849315068494,,
"Abiotiske skader, Ospeildkjuke",osp,Lødingen,17.08.1977,Yes,68.404167,15.571389,,,,,,,,
Storm,selje,Målselv,18.08.2020,No,68.975,19.064444,2.300851063829787,2.300851063829787,2.300851063829787,,,,,
Heggspinnmøll,hegg,Bærum,05.06.2024,No,59.8904,10.526,7.604383561643843,7.604383561643843,7.604383561643843,4.001068493150678,11.530821917808185,74.22849315068493,,
Storm,gran,Eidsvoll,12.09.2023,No,60.3475,11.250833,6.053260273972616,6.053260273972616,6.053260273972616,1.3511061327359315,10.558802127064084,80.67123287671232,,
Tyritoppsopp,furu,Nore og Uvdal,27.06.2013,Yes,60.307222,8.805556,0.0956390565002745,0.0956390565002745,0.0956390565002745,-5.305517762660623,5.58201058201058,77.11561643835617,,
Honningsopper,gran,Saltdal,29.10.2002,Yes,66.92,15.56,3.0040520984081063,3.0040520984081063,3.0040520984081063,-0.7300998573466504,7.503851640513554,75.46362339514978,,
Snø,gran,Kvinesdal,18.06.2021,No,58.338056,7.023056,5.117569193742481,5.117569193742481,5.117569193742481,,,,,
Målere,dun-/vanlig bjørk,Tromsø,28.07.2020,No,69.64961,18.95701,3.202900976290107,3.202900976290107,3.202900976290107,-0.5317876932050153,6.543640606767805,,,
Snø,dun-/vanlig bjørk,Vinje,26.07.2023,No,59.801389,7.779167,0.0379281995067134,0.0379281995067134,0.0379281995067134,-1.766145679740484,2.901209082866419,,,
Vanlig granbarrust,gran,Lunner,04.06.2014,No,60.252778,10.667222,-2.1455128205128204,-2.1455128205128204,-2.1455128205128204,,,,,
Tyritoppsopp,furu,Dovre,02.08.2016,Yes,62.035,9.4675,1.2081406551059708,1.2081406551059708,1.2081406551059708,-2.433333333333336,4.942315270935968,76.75865384615385,,
Storm,"vier/pil, ukjent art",Balsfjord,09.07.2019,No,69.304722,19.203611,1.2984807864164452,1.2984807864164452,1.2984807864164452,,,,,
Almesjukesopp,alm,Bærum,16.07.1992,No,59.8904,10.526,6.918712328767128,6.918712328767128,6.918712328767128,3.686520547945208,10.8588493150685,69.96931506849315,,
Tyritoppsopp,berg-/buskfuru,Asker,13.07.1993,Yes,59.7,10.5,,,,-6.825,21.357142857142858,,,
Heggspinnmøll,hegg,Gjøvik,04.06.2024,No,60.7925,10.695,6.163164400494448,6.163164400494448,6.163164400494448,,,,,
Storm,furu,Arendal,26.08.2013,No,58.466667,8.766667,7.675253494107978,7.675253494107978,7.675253494107978,5.878758773550059,10.325157000369408,79.7095890410959,,
Honningsopper,gran,Lyngen,16.08.1977,Yes,69.690278,20.081667,,,,,,,,
Snø,rogn,Brønnøy,15.07.2020,No,65.475833,12.400278,6.726007125239806,6.726007125239806,6.726007125239806,4.0798177802319175,9.641827719491976,75.9841095890411,,
Honningsopper,gran,Målselv,25.09.1975,Yes,68.975,19.064444,,,,,,,,
Målere,dun-/vanlig bjørk,Tinn,08.06.2018,No,60.009167,8.559444,1.4146131805157611,1.4146131805157611,1.4146131805157611,-1.3748806112702956,4.709837631327607,73.81679389312977,,
"Skader i bark og vekstlag, Toppråtesopp",gran,Grue,10.05.1995,Yes,60.456389,12.058333,,,,,,,,
Heggspinnmøll,hegg,Lillehammer,28.05.2024,No,61.11464,10.46743,4.980016447368411,4.980016447368411,4.980016447368411,1.2531645569620242,9.197743533296643,75.03784969829951,,
Tyritoppsopp,furu,Melhus,22.07.1978,Yes,63.166667,10.3,,,,,,,,
Målere,dun-/vanlig bjørk,Saltdal,03.07.2013,No,66.92,15.56,0.0842195540308751,0.0842195540308751,0.0842195540308751,-4.366840277777778,4.582812499999999,78.03934426229509,,
Snø,dun-/vanlig bjørk,Luster,14.08.2018,No,61.493889,7.329444,5.335640785781104,5.335640785781104,5.335640785781104,,,,,
Snø,dun-/vanlig bjørk,Vinje,05.07.2019,No,59.801389,7.779167,-0.6405310621242475,-0.6405310621242475,-0.6405310621242475,-2.7993978926241803,1.875614651279476,,,
"Skader på rot eller stubbe, rotavdøing",rogn,Karlsøy,01.09.1986,Yes,70.13,19.430833,,,,,,,,
Rotkjuke,"furu, gran",Vennesla,15.12.1987,Yes,58.310556,7.856944,,,,,,,,
Rotkjuke,furu,Notodden,06.08.1990,Yes,59.559328,9.259292,,,,,,,,
Snø,dun-/vanlig bjørk,Målselv,09.06.2022,No,68.975,19.064444,2.808596713021488,2.808596713021488,2.808596713021488,,,,,
Honningsopper,gran,Enebakk,19.09.2023,Yes,59.763889,11.144444,,,,,,,,
Snø,furu,Fjaler,13.06.2018,No,61.306111,5.463333,6.702782324058911,6.702782324058911,6.702782324058911,,,,,
Liten høstmåler,dun-/vanlig bjørk,Gamvik,26.07.2016,No,70.916667,28.05,3.006388812722776,3.006388812722776,3.006388812722776,0.1643870601589092,5.239585698070375,77.29753424657534,,
Bjørkerust,dun-/vanlig bjørk,Risør,17.08.2017,No,58.724722,9.23,6.577144423129631,6.577144423129631,6.577144423129631,2.3022252747252776,11.311978021978025,77.15945205479451,,
"Honningsopper, Ukjente eller komplekse årsaker",furu,Stad,22.08.1996,Yes,62.104444,5.297222,,,,,,,,
"Skader på rot eller stubbe, rotavdøing",fjelledelgran,Færder,18.05.2005,Yes,59.22,10.41,,,,,,,,
Frost,furu,Fuosko - Fauske,21.06.2018,No,67.258889,15.391667,4.978586497890283,4.978586497890283,4.978586497890283,,,,,
Snø,gråor,Trysil,15.05.2023,No,61.31,12.315,0.7840549417736623,0.7840549417736623,0.7840549417736623,-1.732413583990296,3.4776228016980038,83.19808497905446,,
Målere,dun-/vanlig bjørk,Kvænangen,09.07.2015,No,69.894167,21.980278,5.749230769230768,5.749230769230768,5.749230769230768,,,,,
Snø,dun-/vanlig bjørk,Lierne,17.09.2020,No,64.358889,13.642222,2.8185815602836874,2.8185815602836874,2.8185815602836874,-0.6504249291784688,6.197163120567378,80.29745042492918,,
"Skader i planteskoler, Skader på rot eller stubbe, rotavdøing",einer,Sandnes,21.05.1985,Yes,58.845,5.829444,,,,,,,,
Snø,gran,Snåase - Snåsa,24.06.2013,No,64.24606,12.38298,3.375540813383333,3.375540813383333,3.375540813383333,-0.8570374015748042,7.389074803149598,79.6372602739726,,
Snø,gran,Nord-Aurdal,23.08.2018,No,60.959722,9.264167,2.284786184210524,2.284786184210524,2.284786184210524,,,75.04438356164384,,
Snø,gran,Åmot,04.06.2018,No,59.893056,9.926389,7.34526027397259,7.34526027397259,7.34526027397259,3.207452054794515,11.904520547945197,76.2986301369863,,
Tørke,gran,Eidsvoll,30.05.2016,No,60.3475,11.250833,3.930249110320284,3.930249110320284,3.930249110320284,-0.0707925200356166,8.303739982190562,81.98934280639432,,
Storm,gran,Voss,12.07.2022,No,60.7025,6.423056,2.9328683035714325,2.9328683035714325,2.9328683035714325,,,,,
"Skader på rot eller stubbe, rotavdøing, Ukjent/kompleks årsak av klimatisk art","furu, gran",Tydal,13.07.1993,Yes,63.018333,11.815,,,,,,,,
Snø,furu,Skien,26.05.2020,No,59.208061,9.552781,7.424698464912296,7.424698464912296,7.424698464912296,2.836312692630983,11.835275987671585,74.78191780821918,,
Tørke,hassel,Kvam,10.08.2016,No,60.37,6.143889,4.89893121403125,4.89893121403125,4.89893121403125,1.8567850261491865,8.384503165428008,79.41643835616438,,
"Skader på  blad/nåler, skudd, knopper, Skader på rot eller stubbe, rotavdøing","furu, ukjent art",Storfjord,01.06.2012,Yes,69.278611,20.286667,3.051616438356177,3.051616438356177,3.051616438356177,-0.970141969831411,7.21774622892637,70.02027397260274,,
Storm,furu,Engerdal,04.06.2019,No,61.883333,12.033333,1.6796874999999984,1.6796874999999984,1.6796874999999984,-3.8389254385964886,6.572889254385935,79.20712328767124,,
Storm,dun-/vanlig bjørk,Vinje,12.06.2023,No,59.801389,7.779167,0.089038092628117,0.089038092628117,0.089038092628117,-1.737452079032732,2.990592745502809,,,
Snø,dun-/vanlig bjørk,Samnanger,08.06.2018,No,60.402778,5.805556,7.416066481994463,7.416066481994463,7.416066481994463,,,,,
Snø,dun-/vanlig bjørk,Storfjord,06.08.2021,No,69.278611,20.286667,3.194226010448167,3.194226010448167,3.194226010448167,-1.4498952409458266,6.466716551930572,72.1170973062122,,
Tyritoppsopp,furu,Asker,25.06.1993,Yes,59.7,10.5,,,,-6.825,22.7875,,,
Snø,dun-/vanlig bjørk,Ringebu,20.08.2018,No,61.535556,10.308056,1.2368926708756525,1.2368926708756525,1.2368926708756525,-1.295594347464672,4.200415512465378,79.33150684931506,,
Heggspinnmøll,hegg,Sør-Odal,01.06.2024,No,60.236667,11.745556,5.902657534246585,5.902657534246585,5.902657534246585,1.1552152557064503,10.38151891423621,80.90027397260273,,
"Skader på rot eller stubbe, rotavdøing, Tørke",gran,Kristiansand,14.10.1996,Yes,58.146722,7.995611,,,,,,,,
"Skader i ved (misfarging, råte)",furu,Evje og Hornnes,06.11.1980,Yes,58.5925,7.812219,,,,,,,,
Tyritoppsopp,furu,Kristiansand,31.05.1999,Yes,58.146722,7.995611,,,,,,,,
Storm,gran,Porsgrunn,09.09.2014,No,59.1419,9.6568,7.967423580786032,7.967423580786032,7.967423580786032,2.617777777777779,11.72457027300303,73.46034482758621,,
Vanlig granbarrust,gran,Notodden,18.07.2014,No,59.559328,9.259292,2.8099087353324625,2.8099087353324625,2.8099087353324625,-1.891239316239316,2.5427350427350404,,,
Snø,dun-/vanlig bjørk,Ringsaker,28.06.2023,No,61.024167,10.801944,6.325794621026906,6.325794621026906,6.325794621026906,,,,,
Heggspinnmøll,hegg,Bærum,09.06.2024,No,59.8904,10.526,7.597534246575345,7.597534246575345,7.597534246575345,3.99260273972602,11.525780821917769,74.23068493150684,,
Toppråtesopp,gran,Eidskog,30.07.1987,Yes,59.998056,12.060556,,,,,,,,
Storm,dun-/vanlig bjørk,Tromsø,07.08.2019,No,69.64961,18.95701,3.277387212842513,3.277387212842513,3.277387212842513,-0.3981438515081206,6.588685813751107,,,
Snø,"dun-/vanlig bjørk, gran",Krødsherad,24.08.2020,No,60.195,9.664444,5.929078014184399,5.929078014184399,5.929078014184399,,,,,
Heggspinnmøll,hegg,Bærum,02.06.2024,No,59.8904,10.526,7.5976712328767215,7.5976712328767215,7.5976712328767215,3.995808219178076,11.528356164383528,74.25753424657535,,
"Barkbiller, Granbarkbille",gran,Tønsberg,12.07.2021,No,59.298056,10.423611,6.519732937685465,6.519732937685465,6.519732937685465,,,,,
Snø,gran,Åmot,04.09.2015,No,59.893056,9.926389,6.59813647574677,6.59813647574677,6.59813647574677,2.946550218340613,11.742852983988382,74.7889254385965,,
Målere,dun-/vanlig bjørk,Porsanger,28.08.2021,No,70.05214,24.95594,2.112112907645929,2.112112907645929,2.112112907645929,-1.669078404401654,5.767134213421344,75.05643835616438,,
Rotmorkel,bartrær,Elverum,14.09.1977,Yes,60.883333,11.566667,,,,,,,,
"Honningsopper, Hymeniesopper",bartrær,Steinkjer,27.06.1986,Yes,64.013056,11.496944,,,,,,,,
Toppråtesopp,gran,Vestnes,11.12.1997,Yes,62.584444,7.018333,,,,,,,,
"Abiotiske skader, Skader i ved (misfarging, råte)",gran,Midt-Telemark,05.06.1985,Yes,59.45,9.1,,,,,,,,
"Oversvømmelse, oksygenmangel, drukning",gran,Hole,30.07.2013,No,60.047778,10.291111,-15.034523809523805,-15.034523809523805,-15.034523809523805,,,,,
Honningsopper,"eik, ukjent art",Kristiansand,16.06.2003,Yes,58.146722,7.995611,,,,,,,,
Mjøldoggfamilien,spisslønn,Holmestrand,08.09.2013,No,59.495281,10.248611,5.858225762153244,5.858225762153244,5.858225762153244,2.2517730496453896,10.713251213139245,76.50794520547946,,
Målere,dun-/vanlig bjørk,Ål,14.07.2017,No,60.675556,8.576944,2.6254940711462456,2.6254940711462456,2.6254940711462456,,,,,
Honningsopper,"eik, ukjent art",Tvedestrand,24.03.2003,Yes,58.621944,8.931389,,,,,,,,
Storm,rogn,Øyer,19.07.2021,No,60.353,11.64,5.977095890410955,5.977095890410955,5.977095890410955,1.5462978254885769,10.637469050894085,79.90575342465753,,
Rotkjuke,gran,Vestre Toten,12.09.1991,Yes,60.679167,10.615833,,,,,,,,
"Furubarskålrustsopp, Honningsopper",furu,Sarpsborg,28.05.1990,Yes,59.290561,11.202781,,,,,,,,
Honningsopper,berg-/buskfuru,Sandnes,02.05.1978,Yes,58.845,5.829444,,,,,,,,
Heggspinnmøll,hegg,Ringsaker,06.06.2024,No,61.024167,10.801944,6.160135970333753,6.160135970333753,6.160135970333753,,,,,
Almesjukesopp,"alm, ukjent art",Arendal,10.07.2024,No,58.466667,8.766667,8.915949575226087,8.915949575226087,8.915949575226087,6.641013698630127,11.279506849315064,78.86246575342466,,
Askeskuddbeger,ask,Froland,18.06.2012,No,58.583056,8.572222,3.556024096385541,3.556024096385541,3.556024096385541,-1.6099099099099117,8.766966966966969,76.2603550295858,,
Vanlig granbarrust,gran,Hamar,03.06.2014,No,60.79451,11.0783,4.122110552763814,4.122110552763814,4.122110552763814,-0.7447424892703874,8.227575107296143,77.33397683397683,,
Almesjukesopp,alm,Bærum,22.07.1993,No,59.8904,10.526,6.924410958904124,6.924410958904124,6.924410958904124,3.595561643835625,10.956054794520588,70.49753424657534,,
"Visning, avdøing, toppavdøing, skogdød","gran, gran, ukjent art",Notodden,11.07.2017,No,59.559328,9.259292,2.0825446898002054,2.0825446898002054,2.0825446898002054,-0.5944542253521118,4.238837516512539,,,
Storm,dun-/vanlig bjørk,Nore og Uvdal,22.08.2013,No,60.307222,8.805556,0.0987931980252326,0.0987931980252326,0.0987931980252326,-5.082420429311628,5.818504811250919,77.03342465753424,,
Seljetjæreflekk,"vier/pil, ukjent art",Asker,09.09.2013,No,59.7,10.5,5.8600384509749945,5.8600384509749945,5.8600384509749945,2.254589552238805,10.720186567164191,76.5013698630137,,
Hjortedyr,selje,Rana,18.07.2017,No,66.366667,14.333333,3.636954732510293,3.636954732510293,3.636954732510293,-0.143125701459035,7.435259467040669,76.6059275521405,,
Hjortedyr,contorta-/vrifuru,Holmestrand,18.05.2020,No,59.495281,10.248611,7.076259983475617,7.076259983475617,7.076259983475617,2.6885277777777765,11.71413888888891,75.17965726920951,,
Almesjukesopp,alm,Bærum,04.09.1991,No,59.8904,10.526,6.39671232876713,6.39671232876713,6.39671232876713,3.203671232876708,10.311561643835631,69.02356164383562,,
Bjørkerust,dun-/vanlig bjørk,Storfjord,30.08.2013,No,69.278611,20.286667,2.904082191780817,2.904082191780817,2.904082191780817,-0.8745750184774632,7.372690317812273,71.63068493150685,,
Snø,gran,Rollag,12.08.2022,No,59.983889,9.295281,5.60532786885246,5.60532786885246,5.60532786885246,,,,,
Fjellbjørkmåler,fjellbjørk,Ål,04.07.2016,No,60.675556,8.576944,1.6799031476997577,1.6799031476997577,1.6799031476997577,,,,,
Snø,dun-/vanlig bjørk,Trysil,14.07.2023,No,61.31,12.315,1.109656961660419,1.109656961660419,1.109656961660419,-1.4476301930953777,3.8823873610298447,82.63835932986713,,
Storm,dun-/vanlig bjørk,Kvænangen,26.06.2023,No,69.894167,21.980278,1.794189189189189,1.794189189189189,1.794189189189189,,,,,
Vanlig granbarrust,gran,Rendalen,28.08.2015,No,61.859444,11.176111,-0.5892376681614331,-0.5892376681614331,-0.5892376681614331,,,,,
Snø,furu,Bjørnafjorden,05.08.2022,No,60.2,5.7,7.845185185185176,7.845185185185176,7.845185185185176,,,,,
Snø,gran,Birkenes,21.08.2019,No,58.449444,8.233333,6.260767123287669,6.260767123287669,6.260767123287669,1.6477091906721515,11.128148148148163,81.2558904109589,,
Almesjukesopp,alm,Bærum,16.07.1993,No,59.8904,10.526,6.931178082191796,6.931178082191796,6.931178082191796,3.603068493150693,10.964493150684968,70.48164383561644,,
"Skader i ved (misfarging, råte)","bjørk, ukjent art",Bærum,01.08.1989,Yes,59.8904,10.526,5.589890410958914,5.589890410958914,5.589890410958914,2.411999999999997,9.440054794520544,69.12438356164384,,
Storm,gran,Rennebu,21.06.2023,No,62.830833,9.874444,5.284095063985369,5.284095063985369,5.284095063985369,,,,,
Heggspinnmøll,ukjent,Asker,06.06.2007,No,59.7,10.5,6.262825688073398,6.262825688073398,6.262825688073398,2.16240057845264,10.754124457308253,74.41266375545851,,
Heggspinnmøll,hegg,Bærum,05.06.2024,No,59.8904,10.526,7.604383561643843,7.604383561643843,7.604383561643843,4.001068493150678,11.530821917808185,74.22849315068493,,
Målere,dun-/vanlig bjørk,Oppdal,12.07.2017,No,62.566667,9.6,4.408298755186721,4.408298755186721,4.408298755186721,,,,,
Tyritoppsopp,furu,Engerdal,18.08.2005,Yes,61.883333,12.033333,0.4551286570320773,0.4551286570320773,0.4551286570320773,-4.675285628382442,5.661274804570059,76.12417516496701,,
"Skader på rot eller stubbe, rotavdøing","gran, ukjent art",Rauma,26.10.1993,Yes,62.504719,7.781939,,,,,,,,
Snø,dun-/vanlig bjørk,Rendalen,25.07.2022,No,61.859444,11.176111,2.54724742891712,2.54724742891712,2.54724742891712,,,,,
"Skader på rot eller stubbe, rotavdøing",gran,Kristiansand,10.08.1998,Yes,58.146722,7.995611,,,,,,,,
Målere,dun-/vanlig bjørk,Kvænangen,06.09.2018,No,69.894167,21.980278,-1.3214372716199774,-1.3214372716199774,-1.3214372716199774,,,,,
Storm,dun-/vanlig bjørk,Orkland,10.07.2023,No,63.3067,9.8502,7.388633461047256,7.388633461047256,7.388633461047256,,,,,
Furustokkjuke,furu,Trondheim,30.05.2023,Yes,63.44,10.4,,,,,,,,
Toppråtesopp,koloradoedelgran,Nordre Land,11.11.1991,Yes,60.834722,10.075278,2.3003835616438346,2.3003835616438346,2.3003835616438346,-1.644273972602741,7.190082191780831,79.17753424657535,,
Målere,dun-/vanlig bjørk,Samnanger,20.06.2019,No,60.402778,5.805556,7.671682242990662,7.671682242990662,7.671682242990662,,,,,
Rotkjuke,europeisk lerk,Stange,25.11.1997,Yes,60.649444,11.366389,,,,,,,,
Heggspinnmøll,hegg,Asker,10.06.2024,No,59.7,10.5,7.132067162124974,7.132067162124974,7.132067162124974,2.7392429724464207,11.62006679654891,74.28539823008849,,
Storm,dun-/vanlig bjørk,Askvoll,15.06.2018,No,61.405833,5.242222,8.307462277091902,8.307462277091902,8.307462277091902,5.16657511672617,11.745372150508102,77.8427397260274,,
"Honningsopper, Visning, avdøing, toppavdøing, skogdød",gran,Tvedestrand,08.08.1991,Yes,58.621944,8.931389,,,,,,,,
Snø,dun-/vanlig bjørk,Vefsn,08.06.2023,No,65.799167,13.250556,4.048656061437195,4.048656061437195,4.048656061437195,-0.1495468277945609,8.499176050535587,79.66648381788261,,
Snø,gran,Trysil,23.05.2019,No,61.31,12.315,-2.79527027027027,-2.79527027027027,-2.79527027027027,-4.934459459459456,-0.2191441441441469,81.55855855855856,,
Tyritoppsopp,furu,Oslo,30.06.1981,Yes,59.911491,10.757933,,,,,,,,
Almesjukesopp,alm,Bærum,10.08.1987,No,59.8904,10.526,5.4578082191780855,5.4578082191780855,5.4578082191780855,2.282794520547945,9.322958904109598,70.61260273972603,,
Snø,gran,Hamar,19.07.2018,No,60.79451,11.0783,5.296952224052714,5.296952224052714,5.296952224052714,0.9827136514983404,9.648668146503896,78.16109589041096,,
Snø,"dun-/vanlig bjørk, furu",Lyngdal,20.05.2022,No,58.133333,7.083333,6.946588089330025,6.946588089330025,6.946588089330025,,,,,
Rødrandkjuke,furu,Stor-Elvdal,06.02.1980,Yes,61.635,10.874167,,,,,,,,
Hjortedyr,furu,Gjerstad,31.05.2023,No,58.8925,8.956667,7.062082191780807,7.062082191780807,7.062082191780807,2.383808219178085,11.857095890410994,78.02794520547945,,
Honningsopper,gran,Bygland,21.09.1978,Yes,58.824444,7.801944,,,,,,,,
Tørke,furu,Lødingen,31.07.2013,No,68.404167,15.571389,5.147068493150678,5.147068493150678,5.147068493150678,3.677528928704741,7.415154908547959,75.62465753424658,,
Snø,dun-/vanlig bjørk,Andøy,22.09.2018,No,69.078889,15.788333,2.232919426048565,2.232919426048565,2.232919426048565,,,,,
Målere,dun-/vanlig bjørk,Engerdal,03.07.2018,No,61.883333,12.033333,1.7098109070978336,1.7098109070978336,1.7098109070978336,-3.69733223322332,6.588586358635845,79.08054794520548,,
Bjørkerust,"bjørk, ukjent art",Åfjord,16.08.2017,No,63.977778,10.385556,6.559205479452055,6.559205479452055,6.559205479452055,3.071698630136985,10.471068493150703,76.27780821917808,,
Målere,dun-/vanlig bjørk,Oppdal,09.09.2021,No,62.566667,9.6,4.796457938013918,4.796457938013918,4.796457938013918,,,,,
"Abiotiske skader, Skader på rot eller stubbe, rotavdøing",gran,Gran,17.10.1988,Yes,60.441111,10.495556,,,,,,,,
Bjørkerust,dun-/vanlig bjørk,Ringebu,17.09.2014,No,61.535556,10.308056,0.1610806363137702,0.1610806363137702,0.1610806363137702,-1.765603644646926,3.69046534331273,81.00054824561404,,
Snø,furu,Fyresdal,21.06.2021,No,59.165833,8.019722,2.3533609958506254,2.3533609958506254,2.3533609958506254,,,,,
Snø,hassel,Porsgrunn,12.05.2016,No,59.1419,9.6568,6.627749576988153,6.627749576988153,6.627749576988153,1.9241862567811927,10.54246947082768,74.52225020990764,,
Snø,dun-/vanlig bjørk,Hole,05.07.2017,No,60.047778,10.291111,-1.3945121951219484,-1.3945121951219484,-1.3945121951219484,,,,,
"Honningsopper, Magnesiummangel",gran,Drangedal,04.03.1991,Yes,59.123333,8.981944,,,,,,,,
Almesjukesopp,alm,Bærum,26.07.1993,No,59.8904,10.526,6.922054794520563,6.922054794520563,6.922054794520563,3.593698630136996,10.95200000000004,70.55561643835617,,
Honningsopper,lauvtrær,Hammerfest,20.08.2022,Yes,70.663331,23.677781,,,,,,,,
Granbarkbille,gran,Drammen,20.08.2018,No,59.745361,10.205969,7.297966474306123,7.297966474306123,7.297966474306123,2.9010260676649966,11.842857142857143,75.59068493150684,,
Storm,gran,Ringerike,09.06.2016,No,60.205281,10.1525,-1.991428571428571,-1.991428571428571,-1.991428571428571,,,,,
Målere,dun-/vanlig bjørk,Tolga,13.07.2017,No,62.401389,11.022222,0.9592233009708736,0.9592233009708736,0.9592233009708736,,,,,
Vanlig granbarrust,gran,Nannestad,15.10.2014,No,60.245556,10.952778,-2.1455128205128204,-2.1455128205128204,-2.1455128205128204,,,,,
Storm,dun-/vanlig bjørk,Etnedal,01.09.2015,No,60.967222,9.653611,1.551712798026856,1.551712798026856,1.551712798026856,,,75.7227397260274,,
Rotkjuke,gran,Åmli,11.09.2012,Yes,58.766111,8.485278,7.129681274900396,7.129681274900396,7.129681274900396,2.036182902584491,12.50238568588468,76.56692913385827,,
"Skader i ved (misfarging, råte)",edelgran,Tysvær,24.09.1980,Yes,59.361667,5.542778,,,,,,,,
Heggspinnmøll,hegg,Nome,07.06.2024,No,59.284722,9.123889,6.001603206412837,6.001603206412837,6.001603206412837,,,,,
Storm,"dun-/vanlig bjørk, gran",Lierne,21.07.2023,No,64.358889,13.642222,2.375269978401728,2.375269978401728,2.375269978401728,-1.3929496402877737,5.962612450521768,81.03381294964029,,
Snø,dun-/vanlig bjørk,Saltdal,03.07.2014,No,66.92,15.56,2.373704268292685,2.373704268292685,2.373704268292685,-1.8695252679938767,6.835604900459414,77.20149253731343,,
Tyritoppsopp,furu,Tynset,08.08.1994,Yes,62.275278,10.8325,,,,,,,,
Hjortedyr,rogn,Vefsn,12.06.2017,No,65.799167,13.250556,4.056342668863259,4.056342668863259,4.056342668863259,0.0597454031117392,8.457057991513443,77.25698630136986,,
Storm,gran,Nord-Odal,27.07.2017,No,60.442222,11.568056,5.326294416243647,5.326294416243647,5.326294416243647,1.1797866937531714,9.867039106145231,80.7342799188641,,
Snø,dun-/vanlig bjørk,Bergen,28.07.2019,No,60.3925,5.323333,7.309477124183011,7.309477124183011,7.309477124183011,,,,,
Snø,furu,Vegårshei,30.08.2013,No,58.775556,8.832222,5.853228476821185,5.853228476821185,5.853228476821185,1.1584372402327532,10.963341645885285,75.40527182866556,,
Gransnutebille,gran,Tønsberg,05.05.2014,No,59.298056,10.423611,0.2585987261146499,0.2585987261146499,0.2585987261146499,,,,,
Vanlig granbarrust,gran,Gausdal,02.10.2015,No,61.276667,9.9225,5.256521739130435,5.256521739130435,5.256521739130435,,,,,
Almesjukesopp,alm,Bærum,27.08.1993,No,59.8904,10.526,6.898794520547958,6.898794520547958,6.898794520547958,3.571726027397271,10.9289863013699,70.64931506849315,,
Storm,gran,Frosta,26.06.2013,No,63.603889,10.774444,5.554836941627845,5.554836941627845,5.554836941627845,2.3926681783824657,9.435085066162571,75.33534246575343,,
Snø,gran,Ringsaker,25.05.2020,No,61.024167,10.801944,5.528085867620748,5.528085867620748,5.528085867620748,,,,,
Snø,furu,Søndre Land,27.09.2021,No,60.676944,10.278889,4.186979166666668,4.186979166666668,4.186979166666668,,,,,
Målere,dun-/vanlig bjørk,Suortá - Sortland,12.07.2013,No,68.695833,15.413056,4.858520900321543,4.858520900321543,4.858520900321543,2.343150684931506,8.171223021582733,74.25,,
Honningsopper,gran,Modum,04.07.2018,Yes,59.9575,9.982778,,,,,,,,
Tyritoppsopp,furu,Lesja,03.08.2016,Yes,62.210556,8.644722,-2.1465384615384586,-2.1465384615384586,-2.1465384615384586,,,,,
"Rotkjuke, Toppråtesopp",gran,Ringerike,01.12.1989,Yes,60.205281,10.1525,,,,,,,,
Storm,dun-/vanlig bjørk,Lødingen,07.07.2022,No,68.404167,15.571389,5.472876712328767,5.472876712328767,5.472876712328767,3.7377353189098073,7.525259904467554,75.16226622662266,,
"Abiotiske skader, Skader på rot eller stubbe, rotavdøing","lønn, ukjent art",Indre Fosen,02.07.1984,Yes,63.676667,10.61,,,,,,,,
Storm,dun-/vanlig bjørk,Tysvær,25.08.2022,No,59.361667,5.542778,8.085434995112417,8.085434995112417,8.085434995112417,,,,,
"Granbarkbille, Honningsopper, Tørke",gran,Nannestad,01.12.2020,Yes,60.245556,10.952778,4.223485415108451,4.223485415108451,4.223485415108451,,,,,
Snø,gran,Nord-Aurdal,14.07.2013,No,60.959722,9.264167,0.9301452452726752,0.9301452452726752,0.9301452452726752,,,76.86684931506849,,
Storm,dun-/vanlig bjørk,Balsfjord,10.08.2021,No,69.304722,19.203611,3.132270408163262,3.132270408163262,3.132270408163262,,,,,
Snø,dun-/vanlig bjørk,Tolga,08.07.2020,No,62.401389,11.022222,1.467171717171717,1.467171717171717,1.467171717171717,,,,,
Honningsopper,gran,Søndre Land,12.10.2022,Yes,60.676944,10.278889,3.5881106533254896,3.5881106533254896,3.5881106533254896,,,,,
Granbarkbille,gran,Snåase - Snåsa,15.08.2023,No,64.24606,12.38298,4.54550684931508,4.54550684931508,4.54550684931508,0.0251587959127308,8.599751449875733,78.93698630136986,,
Honningsopper,"lønn, ukjent art",Oslo,15.07.2008,Yes,59.911491,10.757933,,,,,,,,
Storm,gran,Eidsvoll,08.09.2017,No,60.3475,11.250833,5.687694552529174,5.687694552529174,5.687694552529174,1.5412652068126496,10.2632116788321,80.78717201166181,,
"Honningsopper, Næringsmangel, Tørke",gran,Grimstad,08.08.1991,Yes,58.351944,8.544444,,,,,,,,
Tyritoppsopp,furu,Oslo,13.12.2012,Yes,59.911491,10.757933,,,,,,,,
Snø,dun-/vanlig bjørk,Namsskogan,22.06.2021,No,64.871944,12.976389,4.053740750890654,4.053740750890654,4.053740750890654,-0.2481359649122813,8.264254385964897,78.01205479452055,,
"Bjørkerust, Tørke","bjørk, ukjent art",Lurøy,05.08.2017,No,66.431944,12.855,6.768347492463681,6.768347492463681,6.768347492463681,4.949273773636607,8.7585639901343,74.03506849315069,,
Tørke,dun-/vanlig bjørk,Flå,08.08.2019,No,60.408611,9.484167,5.954794900221711,5.954794900221711,5.954794900221711,1.397276376146786,10.66936316695354,73.64422518862449,,
Granstokkjuke,gran,Alvdal,13.06.1984,Yes,62.109378,10.634422,,,,,,,,
